id,name,age
1,Aria Hughes,18
2,Holly Reyes,46
3,Rowan Irwin,28
4,Delia Wells,84
5,Morgan Moore,69
6,Sam Baker,26
7,Skyler Ortiz,79
8,Winter Baker,86
9,Reese Ung,84
10,Harley Ortiz,72
11,Val Reyes,15
12,Ivy Kim,69
13,Sage Reyes,34
14,Skyler Yoon,58
15,Taylor Foster,63
16,Taylor Walker,59
17,Winter Quintero,20
18,Gwen Ellis,83
19,Jamie Young,25
20,Shiloh Simmons,95
21,Zion Xu,88
22,Riley Carter,44
23,Jade Simmons,25
24,Opal Ortiz,27
25,Charlie Reyes,73
26,Aria Xu,35
27,Blake Walker,41
28,Cora Reyes,24
29,Winter Perry,36
30,Remy Vega,46
31,Avery Ellis,63
32,Peyton Perry,86
33,Rowan Stone,56
34,Nora Ziegler,22
35,Rowan Carter,55
36,Frankie Reyes,23
37,Skyler Lane,55
38,Skyler Quinn,78
39,Frankie Quinn,73
40,Cameron Quintero,32
41,Elliot Wells,86
42,Remy Quintero,89
43,Jesse Moore,66
44,Blake Ortiz,32
45,Oakley Gray,26
46,Ivy Diaz,29
47,Cameron Perry,35
48,Kira Stone,69
49,Winter Evans,64
50,Charlie Nash,74
51,Parker Quintero,85
52,Piper Anderson,29
53,Delia Jones,49
54,Jade Quinn,58
55,Jamie Simmons,70
56,Alex Vega,48
57,Oakley Yoon,37
58,Oakley Garcia,95
59,Finley Perry,79
60,Winter Miller,34
61,Blake Yoon,35
62,Remy Ziegler,82
63,Stella Anderson,91
64,Kai Gray,17
65,Jamie Xu,54
66,Elliot Diaz,45
67,Quinlan Lane,25
68,Morgan Vega,77
69,Mara Evans,83
70,Jade Irwin,31
71,Cora Ford,85
72,Avery Quintero,82
73,Piper Nash,69
74,Skyler Jones,40
75,Faye Turner,66
76,Cora Quinn,62
77,Kendall Ibrahim,72
78,Jamie Patel,43
79,Riley Vance,17
80,Val Kelly,44
81,Val Ortiz,15
82,Riley Ung,95
83,Casey Ortiz,23
84,Ruth Carter,57
85,Riley Hart,45
86,Peyton Ross,77
87,Drew Vega,88
88,Tatum Ford,46
89,Kira Ford,67
90,Reese Garcia,27
91,Cora Cole,60
92,Jesse Barnes,74
93,Piper Vega,21
94,Delia Quinn,27
95,Casey Zimmerman,58
96,Luna Garcia,46
97,Reese Miller,83
98,Kendall Irwin,69
99,Quinn Reyes,74
100,Elliot Evans,71
101,Luna Kelly,27
102,Casey Quinn,84
103,Nora Anderson,26
104,Tessa Yoon,45
105,Avery Barnes,77
106,Marlowe Nelson,66
107,Ruth Diaz,36
108,Charlie Anderson,64
109,Hayden Ellis,51
110,Jesse Tran,86
111,Cora Ung,77
112,Cameron Miller,52
113,Skyler Diaz,89
114,Holly Jones,22
115,Holly Underwood,22
116,Casey Moore,76
117,Oakley Ibrahim,35
118,Casey Hart,25
119,Opal Lopez,23
120,Delia Patel,66
121,Jamie Lane,46
122,Val Nash,20
123,Zion Foster,68
124,Cora Moore,87
125,Parker Underwood,48
126,Skyler Ross,55
127,Elliot Quintero,65
128,Drew Ross,53
129,Logan Underwood,24
130,Alex Ellis,94
131,Tatum Garcia,24
132,Remy Nelson,79
133,Hayden Irwin,59
134,Quinlan Evans,46
135,Blake Simmons,35
136,Kendall Jones,53
137,Zion Quinn,82
138,Alex Ross,85
139,Finley Ross,28
140,Quinlan Irwin,48
141,Jamie Garcia,85
142,Cameron Reyes,51
143,Winter Nelson,58
144,Skyler Stone,48
145,Hayden Diaz,26
146,Aria Cole,50
147,Sam Anderson,57
148,Aria Quintero,35
149,Holly Dunn,85
150,Faye Cole,86
151,Alex Hughes,24
152,Quinlan Tran,34
153,Remy Carter,62
154,Cameron Cole,31
155,Sam Turner,61
156,Ruth Walker,41
157,Cora Garcia,60
158,Jade Kelly,67
159,Zion Wells,34
160,Tessa Patel,35
161,Luna Lopez,67
162,Jordan Lopez,57
163,Kira Barnes,46
164,Peyton Kim,28
165,Charlie Carter,75
166,Rowan Miller,73
167,Dakota Turner,44
168,Rowan Baker,39
169,Frankie Vance,50
170,Piper Evans,50
171,Dakota Quinn,80
172,Frankie Stone,83
173,Sage Baker,29
174,Quinlan Quintero,37
175,Val Quintero,19
176,Taylor Nash,70
177,Dakota Vega,55
178,Jesse Nash,80
179,Ruth Lane,39
180,Hayden Carter,70
181,Alex Ibrahim,83
182,Delia Vega,40
183,Blake Cole,23
184,Cora Vance,94
185,Kai Ross,30
186,Gwen Turner,79
187,Harley Underwood,66
188,Eve Simmons,85
189,Drew Miller,68
190,Cora Young,37
191,Zion Lane,53
192,Frankie Kelly,15
193,Finley Simmons,41
194,Winter Quinn,56
195,Logan Dunn,71
196,Delia Nelson,80
197,Marlowe Wells,36
198,Cora Foster,51
199,Oakley Ross,94
200,Sage Foster,45
201,Delia Turner,43
202,Luna Miller,33
203,Jordan Carter,46
204,Marlowe Owens,24
205,Logan Barnes,95
206,Tatum Miller,64
207,Noel Zimmerman,46
208,Cameron Quinn,15
209,Ruth Yoon,28
210,Jade Cole,43
211,Quinn Tran,81
212,Logan Diaz,86
213,Elliot Hughes,73
214,Drew Ellis,82
215,Shiloh Nash,55
216,Ivy Dunn,93
217,Mara Vega,79
218,Jesse Kelly,72
219,Ruth Kim,75
220,Kendall Quintero,46
221,Nora Perry,50
222,Jade Ziegler,81
223,Noel Perry,45
224,Peyton Dunn,24
225,Faye Simmons,45
226,Peyton Vance,55
227,Ruth Jones,25
228,Drew Jenkins,44
229,Charlie Tran,34
230,Faye Nelson,23
231,Harley Barnes,57
232,Remy Ellis,68
233,Casey Nelson,68
234,Charlie Ziegler,89
235,Eve Baker,88
236,Charlie Ford,15
237,Ivy Young,68
238,Remy Wells,84
239,Luna Nash,43
240,Noel Ortiz,49
241,Jesse Gray,18
242,Charlie Vance,66
243,Gwen Kim,74
244,Stella Irwin,94
245,Remy Baker,65
246,Val Lane,18
247,Morgan Quinn,69
248,Quinn Diaz,48
249,Charlie Underwood,42
250,Sage Yoon,63
251,Peyton Yoon,68
252,Hayden Foster,75
253,Jordan Wells,84
254,Casey Walker,43
255,Bella Evans,20
256,Ivy Baker,46
257,Reese Baker,94
258,Cameron Patel,31
259,Marlowe Ross,29
260,Tatum Nelson,74
261,Eve Quintero,62
262,Avery Nash,92
263,Holly Ung,29
264,Jade Kim,54
265,Taylor Moore,18
266,Tessa Turner,88
267,Delia Young,65
268,Faye Miller,24
269,Val Tran,95
270,Elliot Garcia,53
271,Opal Stone,91
272,Luna Hughes,87
273,Kira Carter,59
274,Remy Cole,62
275,Bella Vance,16
276,Opal Barnes,77
277,Taylor Cole,61
278,Aria Ellis,34
279,Jesse Lopez,81
280,Bella Reyes,93
281,Luna Jones,76
282,Logan Cole,90
283,Peyton Underwood,46
284,Nora Foster,50
285,Quinlan Dunn,46
286,Ivy Ellis,87
287,Zion Ross,63
288,Noel Underwood,38
289,Noel Nelson,60
290,Luna Quintero,58
291,Peyton Nash,50
292,Shiloh Anderson,81
293,Reese Foster,45
294,Gwen Barnes,77
295,Shiloh Yoon,45
296,Eve Ford,77
297,Kendall Baker,26
298,Emerson Ortiz,66
299,Eve Patel,54
300,Blake Ford,85
